{"stats":{"minecraft:custom":{"minecraft:jump":240,"minecraft:time_since_rest":10005,"minecraft:leave_game":1,"minecraft:play_time":10005,"minecraft:sprint_one_cm":21290,"minecraft:damage_taken":135,"minecraft:time_since_death":10005,"minecraft:walk_one_cm":56248,"minecraft:total_world_time":10005,"minecraft:fall_one_cm":8094,"minecraft:drop":1,"minecraft:fly_one_cm":10027},"minecraft:picked_up":{"minecraft:dirt":7},"minecraft:dropped":{"minecraft:dirt":1},"minecraft:mined":{"minecraft:large_fern":1,"minecraft:grass_block":2}},"DataVersion":3465}