{"stats":{"minecraft:crafted":{"minecraft:spruce_planks":8},"minecraft:custom":{"minecraft:jump":36,"minecraft:time_since_rest":1430,"minecraft:crouch_one_cm":907,"minecraft:sprint_one_cm":355,"minecraft:play_time":1430,"minecraft:time_since_death":1430,"minecraft:walk_one_cm":9438,"minecraft:sneak_time":169,"minecraft:total_world_time":1430,"minecraft:fall_one_cm":1045,"minecraft:fly_one_cm":528},"minecraft:picked_up":{"minecraft:spruce_log":3,"minecraft:dirt":2},"minecraft:used":{"minecraft:spruce_planks":3,"minecraft:dirt":2},"minecraft:mined":{"minecraft:spruce_leaves":1,"minecraft:spruce_log":3}},"DataVersion":3465}