{"stats":{"minecraft:custom":{"minecraft:jump":55,"minecraft:time_since_rest":3004,"minecraft:leave_game":1,"minecraft:sprint_one_cm":10027,"minecraft:play_time":3004,"minecraft:damage_taken":20,"minecraft:time_since_death":3004,"minecraft:walk_one_cm":9512,"minecraft:total_world_time":3004,"minecraft:fall_one_cm":1716,"minecraft:fly_one_cm":6545},"minecraft:mined":{"minecraft:grass_block":1,"minecraft:spruce_leaves":1},"minecraft:picked_up":{"minecraft:stick":2,"minecraft:dirt":1},"minecraft:used":{"minecraft:dirt":1}},"DataVersion":3465}