{"stats":{"minecraft:picked_up":{"minecraft:stick":1,"minecraft:spruce_log":18,"minecraft:wheat_seeds":2},"minecraft:crafted":{"minecraft:spruce_planks":4},"minecraft:mined":{"minecraft:grass":13,"minecraft:spruce_leaves":3,"minecraft:spruce_log":18},"minecraft:custom":{"minecraft:jump":59,"minecraft:leave_game":1,"minecraft:time_since_rest":5207,"minecraft:damage_taken":60,"minecraft:damage_dealt":8,"minecraft:crouch_one_cm":34,"minecraft:sprint_one_cm":16611,"minecraft:play_time":5207,"minecraft:time_since_death":5207,"minecraft:walk_one_cm":5456,"minecraft:sneak_time":3,"minecraft:total_world_time":5207,"minecraft:fall_one_cm":2663,"minecraft:fly_one_cm":14786}},"DataVersion":3465}